Run,Sample Name,sample_name,Bases,Bytes,pid,lab_id,arm_x,visit,data_date,sample_type,ESBL,enroll_date_x,t,arm_y,enroll_date_y,calc_age,ptsex,hivstatus,recieved_prehosp_ab,pmhxrechospital,tbstatus,tbongoing,hivonart,hivart,art_time,hivcpt,tobaccoyn,alcoholyn,highestedu,job,housholdadultsno,householdchildno,toilet,watersource,watertreated,electricityyn,fuel,keepanim,keep.poultry,keep.goats,keep.dogs,keep.cattle,keep.sheep,keep.mules,assess_type,died,hosp,amoxy,genta,azithro,tb,benzy,fluco,cefo,ampho,quin,chlora,coart,cipro,coamo,arte,cotri,clinda,doxy,erythro,acicl,fluclox,metro,strepto
ERR14760456,SAMEA117808994,CAC125,8691235739,3134743143,DAS1021V,CAC125,1,1,2017-09-12,stool,Negative,2017-09-05,7,1,2017-09-05,51.18138,Female,Reactive,Yes,No,No,,Yes,5A,22.0123203285421,Yes,Never,No,College or higher,Currently employed,2,1, Pit latrine with slab +/- foot rest,Tube well/borehole,No,No, Charcoal,Yes,Yes,No,Yes,No,No,No,0,0,1,0,0,0,0,0,0,0,0,0,0,0,0,0,0,1,0,0,0,0,0,0,0
ERR14760457,SAMEA117808995,CAC11I,11053486881,3932897777,DAS1014T,CAC11I,1,1,2017-09-14,stool,Positive,2017-09-07,7,1,2017-09-07,53.46201,Female,Non reactive,No,No,No,,,,,,Never,No,College or higher,Currently employed,2,1,Pit latrine with slab and cover +/- foot rest,Piped outside dwelling,No,Yes, Charcoal,Yes,Yes,No,No,No,No,No,0,0,1,0,0,0,0,0,0,1,0,0,0,0,0,0,0,0,0,0,0,0,0,0,0
ERR14760458,SAMEA117808996,CAC126,13204869045,4700273684,DAS1020X,CAC126,1,1,2017-09-12,stool,Positive,2017-09-05,7,1,2017-09-05,57.18002,Male,Non reactive,No,No,Yes,No,,,,,Ex,Yes,Primary incomplete or complete,Unemployed,1,1, Pit latrine with slab +/- foot rest,Tube well/borehole,No,No,Wood,No,,,,,,,0,0,1,0,0,0,0,0,0,0,0,0,0,0,0,0,0,0,0,0,0,0,0,0,0
ERR14760460,SAMEA117808998,CAG11A,6585768566,2351107744,DAS1005V,CAG11A,2,0,2017-09-12,stool,Negative,2017-09-12,0,2,2017-09-12,45.57426,Male,Reactive,No,No,No,,Yes,5A,2.8911704312115,Yes,Never,No,Secondary school complete,Currently employed,3,1, Pit latrine with slab +/- foot rest,Piped outside dwelling,No,Yes, Charcoal,Yes,No,Yes,No,No,No,No,0,0,1,0,0,0,0,0,0,0,0,0,0,0,0,0,0,1,0,0,0,0,0,0,0
ERR14760461,SAMEA117808999,CAB153,12722977979,4499256312,DAS10020,CAB153,1,0,2017-09-13,rectal_swab,Positive,2017-09-13,0,1,2017-09-13,18.48323,Female,Reactive,Yes,No,Yes,No,Yes,5A,62.7515400410678,Yes,Never,No,Primary incomplete or complete,Unemployed,2,0, Pit latrine with slab +/- foot rest,Public tap/standpipe,No,No, Charcoal,No,,,,,,,0,0,1,0,0,0,0,0,0,1,0,0,0,0,0,0,0,1,0,0,0,0,0,0,0
ERR14760582,SAMEA117809120,CAD135,10281380745,3644812225,DAS1021V,CAD135,1,2,2017-10-03,stool,Positive,2017-09-05,28,1,2017-09-05,51.18138,Female,Reactive,Yes,No,No,,Yes,5A,22.0123203285421,Yes,Never,No,College or higher,Currently employed,2,1, Pit latrine with slab +/- foot rest,Tube well/borehole,No,No, Charcoal,Yes,Yes,No,Yes,No,No,No,0,0,1,0,0,0,0,0,0,0,0,0,0,0,0,0,0,1,0,0,0,0,0,0,0
ERR14760605,SAMEA117809143,CAE112,10593590648,3813290116,DAS1021V,CAE112,1,3,2017-11-06,stool,Positive,2017-09-05,62,1,2017-09-05,51.18138,Female,Reactive,Yes,No,No,,Yes,5A,22.0123203285421,Yes,Never,No,College or higher,Currently employed,2,1, Pit latrine with slab +/- foot rest,Tube well/borehole,No,No, Charcoal,Yes,Yes,No,Yes,No,No,No,0,0,1,0,0,0,0,0,0,0,0,0,0,0,0,0,0,1,0,0,0,0,0,0,0
ERR14760614,SAMEA117809152,CAD136,10315443717,3657913793,DAS1020X,CAD136,1,2,2017-10-03,stool,Negative,2017-09-05,28,1,2017-09-05,57.18002,Male,Non reactive,No,No,Yes,No,,,,,Ex,Yes,Primary incomplete or complete,Unemployed,1,1, Pit latrine with slab +/- foot rest,Tube well/borehole,No,No,Wood,No,,,,,,,0,0,1,0,0,0,0,0,0,0,0,0,0,0,0,0,0,0,0,0,0,0,0,0,0
ERR14760623,SAMEA117809161,CAI10D,9308651586,3310243375,DAS1011Z,CAI10D,2,2,2017-10-06,stool,Negative,2017-09-08,28,2,2017-09-08,59.98905,Male,Unknown,No,No,No,,,,,,Never,No,Primary incomplete or complete,Currently employed,8,3,Hanging toilet/latrine,Piped outside dwelling,No,Yes, Charcoal,No,,,,,,,0,0,1,0,0,0,0,0,0,0,0,0,0,0,0,0,0,0,0,0,0,0,0,0,0
ERR14760624,SAMEA117809162,CAD137,18710099425,6692676921,DAS1014T,CAD137,1,2,2017-10-06,stool,Positive,2017-09-07,29,1,2017-09-07,53.46201,Female,Non reactive,No,No,No,,,,,,Never,No,College or higher,Currently employed,2,1,Pit latrine with slab and cover +/- foot rest,Piped outside dwelling,No,Yes, Charcoal,Yes,Yes,No,No,No,No,No,0,0,1,0,0,0,0,0,0,1,0,0,0,0,0,0,0,0,0,0,0,0,0,0,0
ERR14760627,SAMEA117809165,CAI10E,11542695220,4103500047,DAS1005V,CAI10E,2,2,2017-10-10,stool,Positive,2017-09-12,28,2,2017-09-12,45.57426,Male,Reactive,No,No,No,,Yes,5A,2.8911704312115,Yes,Never,No,Secondary school complete,Currently employed,3,1, Pit latrine with slab +/- foot rest,Piped outside dwelling,No,Yes, Charcoal,Yes,No,Yes,No,No,No,No,0,0,1,0,0,0,0,0,0,0,0,0,0,0,0,0,0,1,0,0,0,0,0,0,0
ERR14760635,SAMEA117809173,CAD13R,6393402801,2251489289,DAS10020,CAD13R,1,2,2017-10-12,stool,Positive,2017-09-13,29,1,2017-09-13,18.48323,Female,Reactive,Yes,No,Yes,No,Yes,5A,62.7515400410678,Yes,Never,No,Primary incomplete or complete,Unemployed,2,0, Pit latrine with slab +/- foot rest,Public tap/standpipe,No,No, Charcoal,No,,,,,,,0,0,1,0,0,0,0,0,0,1,0,0,0,0,0,0,0,1,0,0,0,0,0,0,0
ERR14760684,SAMEA117809222,CAF11A,12639858762,4487252973,DAS10020,CAF11A,1,4,2018-03-13,stool,Positive,2017-09-13,181,1,2017-09-13,18.48323,Female,Reactive,Yes,No,Yes,No,Yes,5A,62.7515400410678,Yes,Never,No,Primary incomplete or complete,Unemployed,2,0, Pit latrine with slab +/- foot rest,Public tap/standpipe,No,No, Charcoal,No,,,,,,,0,0,1,0,0,0,0,0,0,1,0,0,0,0,0,0,0,1,0,0,0,0,0,0,0
ERR14760700,SAMEA117809238,CAK101,11365822954,4090054569,DAS1011Z,CAK101,2,4,2018-03-23,stool,Positive,2017-09-08,196,2,2017-09-08,59.98905,Male,Unknown,No,No,No,,,,,,Never,No,Primary incomplete or complete,Currently employed,8,3,Hanging toilet/latrine,Piped outside dwelling,No,Yes, Charcoal,No,,,,,,,0,0,1,0,0,0,0,0,0,0,0,0,0,0,0,0,0,0,0,0,0,0,0,0,0
ERR14760749,SAMEA117809287,CAF118,13476024081,4786988523,DAS1021V,CAF118,1,4,2018-03-06,stool,Positive,2017-09-05,182,1,2017-09-05,51.18138,Female,Reactive,Yes,No,No,,Yes,5A,22.0123203285421,Yes,Never,No,College or higher,Currently employed,2,1, Pit latrine with slab +/- foot rest,Tube well/borehole,No,No, Charcoal,Yes,Yes,No,Yes,No,No,No,0,0,1,0,0,0,0,0,0,0,0,0,0,0,0,0,0,1,0,0,0,0,0,0,0
ERR14760751,SAMEA117809289,CAF119,14196530095,5019875779,DAS1020X,CAF119,1,4,2018-03-06,stool,Negative,2017-09-05,182,1,2017-09-05,57.18002,Male,Non reactive,No,No,Yes,No,,,,,Ex,Yes,Primary incomplete or complete,Unemployed,1,1, Pit latrine with slab +/- foot rest,Tube well/borehole,No,No,Wood,No,,,,,,,0,0,1,0,0,0,0,0,0,0,0,0,0,0,0,0,0,0,0,0,0,0,0,0,0
ERR14760777,SAMEA117809315,CAE12N,14805254789,5194430082,DAS10020,CAE12N,1,3,2017-12-13,stool,Positive,2017-09-13,91,1,2017-09-13,18.48323,Female,Reactive,Yes,No,Yes,No,Yes,5A,62.7515400410678,Yes,Never,No,Primary incomplete or complete,Unemployed,2,0, Pit latrine with slab +/- foot rest,Public tap/standpipe,No,No, Charcoal,No,,,,,,,0,0,1,0,0,0,0,0,0,1,0,0,0,0,0,0,0,1,0,0,0,0,0,0,0
ERR14760781,SAMEA117809319,CAE12R,17048685904,6004286296,DAS1014T,CAE12R,1,3,2017-12-18,stool,Positive,2017-09-07,102,1,2017-09-07,53.46201,Female,Non reactive,No,No,No,,,,,,Never,No,College or higher,Currently employed,2,1,Pit latrine with slab and cover +/- foot rest,Piped outside dwelling,No,Yes, Charcoal,Yes,Yes,No,No,No,No,No,0,0,1,0,0,0,0,0,0,1,0,0,0,0,0,0,0,0,0,0,0,0,0,0,0
ERR14760804,SAMEA117809342,CAJ10A,12626947008,4466568525,DAS1005V,CAJ10A,2,3,2017-12-12,stool,Positive,2017-09-12,91,2,2017-09-12,45.57426,Male,Reactive,No,No,No,,Yes,5A,2.8911704312115,Yes,Never,No,Secondary school complete,Currently employed,3,1, Pit latrine with slab +/- foot rest,Piped outside dwelling,No,Yes, Charcoal,Yes,No,Yes,No,No,No,No,0,0,1,0,0,0,0,0,0,0,0,0,0,0,0,0,0,1,0,0,0,0,0,0,0
ERR14760811,SAMEA117809349,CAJ10B,12845950467,4545636827,DAS1011Z,CAJ10B,2,3,2017-12-20,stool,Negative,2017-09-08,103,2,2017-09-08,59.98905,Male,Unknown,No,No,No,,,,,,Never,No,Primary incomplete or complete,Currently employed,8,3,Hanging toilet/latrine,Piped outside dwelling,No,Yes, Charcoal,No,,,,,,,0,0,1,0,0,0,0,0,0,0,0,0,0,0,0,0,0,0,0,0,0,0,0,0,0
ERR14760823,SAMEA117809361,CAH10G,6698004833,2381780095,DAS1005V,CAH10G,2,1,2017-09-19,rectal_swab,Negative,2017-09-12,7,2,2017-09-12,45.57426,Male,Reactive,No,No,No,,Yes,5A,2.8911704312115,Yes,Never,No,Secondary school complete,Currently employed,3,1, Pit latrine with slab +/- foot rest,Piped outside dwelling,No,Yes, Charcoal,Yes,No,Yes,No,No,No,No,0,0,1,0,0,0,0,0,0,0,0,0,0,0,0,0,0,1,0,0,0,0,0,0,0
ERR14760860,SAMEA117809398,CAB14W,12572479081,4502803252,DAS1020X,CAB14W,1,0,2017-09-05,stool,Negative,2017-09-05,0,1,2017-09-05,57.18002,Male,Non reactive,No,No,Yes,No,,,,,Ex,Yes,Primary incomplete or complete,Unemployed,1,1, Pit latrine with slab +/- foot rest,Tube well/borehole,No,No,Wood,No,,,,,,,0,0,1,0,0,0,0,0,0,0,0,0,0,0,0,0,0,0,0,0,0,0,0,0,0
ERR14760861,SAMEA117809399,CAB14X,14783182756,5267129605,DAS1014T,CAB14X,1,0,2017-09-07,rectal_swab,Positive,2017-09-07,0,1,2017-09-07,53.46201,Female,Non reactive,No,No,No,,,,,,Never,No,College or higher,Currently employed,2,1,Pit latrine with slab and cover +/- foot rest,Piped outside dwelling,No,Yes, Charcoal,Yes,Yes,No,No,No,No,No,0,0,1,0,0,0,0,0,0,1,0,0,0,0,0,0,0,0,0,0,0,0,0,0,0
ERR14760867,SAMEA117809405,CAG118,12134925498,4330591008,DAS1011Z,CAG118,2,0,2017-09-08,stool,Positive,2017-09-08,0,2,2017-09-08,59.98905,Male,Unknown,No,No,No,,,,,,Never,No,Primary incomplete or complete,Currently employed,8,3,Hanging toilet/latrine,Piped outside dwelling,No,Yes, Charcoal,No,,,,,,,0,0,1,0,0,0,0,0,0,0,0,0,0,0,0,0,0,0,0,0,0,0,0,0,0
