"Sample","Observed","Shannon","Simpson","InvSimpson","Chao1","pid","visit","t","sample_type","visit_f"
"ERR14760456",3459,3.01868932145552,0.874700911193707,7.98090400757791,3459,"DAS1021V",1,7,"stool","1"
"ERR14760457",4096,2.30313944046857,0.793883331025868,4.85162119578742,4096,"DAS1014T",1,7,"stool","1"
"ERR14760458",8907,4.21411489004587,0.958703592541842,24.2151814540578,8907,"DAS1020X",1,7,"stool","1"
"ERR14760460",7147,4.11692899633641,0.948614310621199,19.4606710951814,7147,"DAS1005V",0,0,"stool","0"
"ERR14760461",8947,4.44652053233744,0.965207717225366,28.7420059924627,8947,"DAS10020",0,0,"rectal_swab","0"
"ERR14760582",8942,5.07798361536178,0.959381402354494,24.6192645232949,8942,"DAS1021V",2,28,"stool","2"
"ERR14760605",6674,2.02131334458051,0.597980001212634,2.4874384434017,6674,"DAS1021V",3,62,"stool","3"
"ERR14760614",8890,4.74578919821423,0.959678863481343,24.8008882273768,8890,"DAS1020X",2,28,"stool","2"
"ERR14760623",8934,3.77218974678151,0.892650937587255,9.3154050675833,8934,"DAS1011Z",2,28,"stool","2"
"ERR14760624",9130,4.22104376098718,0.961811333437057,26.1857794472027,9130,"DAS1014T",2,29,"stool","2"
"ERR14760627",5897,2.86394352388841,0.882419053624918,8.50477931016146,5897,"DAS1005V",2,28,"stool","2"
"ERR14760635",8129,3.9489000478298,0.910534166534978,11.1774513383476,8129,"DAS10020",2,29,"stool","2"
"ERR14760684",7817,3.04362985775056,0.720466212609928,3.57738507869378,7817,"DAS10020",4,181,"stool","4"
"ERR14760700",1594,1.2000607587453,0.482290918226927,1.93158674477016,1594,"DAS1011Z",4,196,"stool","4"
"ERR14760749",7623,2.59430366016451,0.740571095835464,3.8546206068302,7623,"DAS1021V",4,182,"stool","4"
"ERR14760751",8269,3.23642585814779,0.869360120655665,7.65463046214428,8269,"DAS1020X",4,182,"stool","4"
"ERR14760777",8512,3.94847982614614,0.925359528831306,13.3975574422609,8512,"DAS10020",3,91,"stool","3"
"ERR14760781",8517,3.23468840568116,0.811295401465083,5.29928792283759,8517,"DAS1014T",3,102,"stool","3"
"ERR14760804",7495,4.13965251252388,0.928484188633228,13.9829218306907,7495,"DAS1005V",3,91,"stool","3"
"ERR14760811",9083,4.93550447219926,0.970735099570059,34.1706271099048,9083,"DAS1011Z",3,103,"stool","3"
"ERR14760823",6435,3.45304989015422,0.879980927175054,8.33200904208412,6435,"DAS1005V",1,7,"rectal_swab","1"
"ERR14760860",8821,4.43421779614281,0.93772876271738,16.0587783965408,8821,"DAS1020X",0,0,"stool","0"
"ERR14760861",8954,4.01758023506222,0.926557642539065,13.616120649884,8954,"DAS1014T",0,0,"rectal_swab","0"
"ERR14760867",9156,4.72887165956007,0.949092514093721,19.6434764396145,9156,"DAS1011Z",0,0,"stool","0"
