"Sample","PC1","PC2","pid","visit","t","sample_type","visit_f"
"ERR14760456",-0.44525525175819,-0.152197981942663,"DAS1021V",1,7,"stool","1"
"ERR14760457",-0.253081375659288,0.284615417692096,"DAS1014T",1,7,"stool","1"
"ERR14760458",0.184141064113897,0.0608400783713381,"DAS1020X",1,7,"stool","1"
"ERR14760460",-0.267012769174612,-0.321731221545386,"DAS1005V",0,0,"stool","0"
"ERR14760461",0.00903819457637414,-0.101729966895727,"DAS10020",0,0,"rectal_swab","0"
"ERR14760582",0.233982590788167,-0.0599041326400971,"DAS1021V",2,28,"stool","2"
"ERR14760605",-0.245147323755113,0.40345932266494,"DAS1021V",3,62,"stool","3"
"ERR14760614",0.0970717439956099,-0.0730994155286448,"DAS1020X",2,28,"stool","2"
"ERR14760623",-0.0221055457768911,-0.0749716812590457,"DAS1011Z",2,28,"stool","2"
"ERR14760624",0.0724749272632302,0.219940743881596,"DAS1014T",2,29,"stool","2"
"ERR14760627",-0.24779186907459,0.200087835062834,"DAS1005V",2,28,"stool","2"
"ERR14760635",0.00137036863820253,-0.19363189298034,"DAS10020",2,29,"stool","2"
"ERR14760684",0.268011332744078,-0.0461637717478009,"DAS10020",4,181,"stool","4"
"ERR14760700",-0.328091749327505,-0.0857729577585864,"DAS1011Z",4,196,"stool","4"
"ERR14760749",-0.233829849382053,0.42062162358493,"DAS1021V",4,182,"stool","4"
"ERR14760751",0.162370261042371,-0.0059837786834701,"DAS1020X",4,182,"stool","4"
"ERR14760777",0.192616799618685,0.0481796493088872,"DAS10020",3,91,"stool","3"
"ERR14760781",0.153132106724903,0.0911229220275658,"DAS1014T",3,102,"stool","3"
"ERR14760804",0.240397709913413,0.0107556846529484,"DAS1005V",3,91,"stool","3"
"ERR14760811",0.239917647375076,0.00526207793364539,"DAS1011Z",3,103,"stool","3"
"ERR14760823",-0.320931082613488,-0.446414070099753,"DAS1005V",1,7,"rectal_swab","1"
"ERR14760860",0.249221959062215,-0.0348405746042701,"DAS1020X",0,0,"stool","0"
"ERR14760861",0.166001271959482,-0.0536560552731781,"DAS1014T",0,0,"rectal_swab","0"
"ERR14760867",0.0934988387060267,-0.0947878542218162,"DAS1011Z",0,0,"stool","0"
